id,first_name,last_name,password,role,username
1,Joana,Sturt,GV0iAALbE,junior,jsturt0
2,Ronna,Francesch,G13lZW,senior,rfrancesch1
3,Kriste,Degli Abbati,vnRUJOPE7exa,senior,kdegliabbati2
4,Imojean,De Lorenzo,KVQgYv,junior,idelorenzo3
5,Orton,Mackstead,MQuL2KzJmh6,senior,omackstead4
6,Florri,Mapstone,tPnGMPoNJK,junior,fmapstone5
7,Lucina,Backe,ksnGDUE,medior,lbacke6
8,Tabbatha,Guess,jC515j,junior,tguess7
9,Lindy,McLese,V8ABmaACXQf,senior,lmclese8
10,Mireielle,Plowell,7t4Vhqz,junior,mplowell9
11,Ilsa,Kenton,U4a6VI3BvE4t,senior,ikentona
12,Moses,Chatfield,HfQTeeU,medior,mchatfieldb
13,Celestyna,Dedden,2e3xbkH1hF,junior,cdeddenc
14,Gran,Petrie,8a9eHOX0vaz,junior,gpetried
15,Mahala,Lennie,1CdOSY,senior,mlenniee
16,Dirk,Granville,sxXNJdZ4sQ,senior,dgranvillef
17,Emmalynne,Boyda,CB9yLiPwLT,junior,eboydag
18,Braden,Carse,nYNB5mJ,junior,bcarseh
19,Nils,Sturror,aZbw8a8aq,medior,nsturrori
20,Perrine,Tabner,S8yNPOR6iKmF,junior,ptabnerj
21,Simeon,Rosewall,8pz1WHr,senior,srosewallk
22,Shawnee,Hutchin,HEuSdqcDS,senior,shutchinl
23,Janith,Benn,ln8zt3K2onN,medior,jbennm
24,Samuel,Bartalini,71mgVk5,junior,sbartalinin
25,Demetris,Golly,OrCQ2qTn9v,senior,dgollyo
26,Vanny,Syde,UrPFXGGQxW0,senior,vsydep
27,Ellen,Fishley,Zg9Mvd7,junior,efishleyq
28,Prentiss,Aldhous,CqzHQYJ,junior,paldhousr
29,Christi,Laurentino,syiM15w,junior,claurentinos
30,Arlin,Shobbrook,rcSsiSaOuEEU,senior,ashobbrookt
31,Chickie,De Meis,f8rz5ll7xO,junior,cdemeisu
32,Shir,Naton,WnA7W0oIN,senior,snatonv
33,Jeanie,Robert,nIO3lL0zaLKp,medior,jrobertw
34,Maurise,Creggan,umc2vpB,medior,mcregganx
35,Rusty,Grono,XOTqZBw,junior,rgronoy
36,Jan,Keeble,PhaZJWC,junior,jkeeblez
37,Pietra,Bullas,jiXN7xt,medior,pbullas10
38,Sophie,Ellingworth,pFDHaNOmYG,medior,sellingworth11
39,Casi,Soigoux,88Gem0,junior,csoigoux12
40,Bord,Coaster,W57S1DRC71,junior,bcoaster13
41,George,Broader,cxNnCNhdStux,senior,gbroader14
42,Dianna,Minter,2c8LQhSb,medior,dminter15
43,Sallyanne,Tointon,eERLmyXOA,junior,stointon16
44,Curcio,Fishby,ZCB0tQ4j,medior,cfishby17
45,Anni,Giacomoni,6pud8PTT6,medior,agiacomoni18
46,Berky,Janodet,2AtbMOfy,senior,bjanodet19
47,Gard,McCadden,j0qOrAylQ,medior,gmccadden1a
48,Cherey,Kroin,3Lvt6sgh,junior,ckroin1b
49,Early,Longwood,UjUI6Bk842,junior,elongwood1c
50,Celina,Spight,A5nXDxt,medior,cspight1d
51,Cornie,Stoeckle,gpiS8L5vhR,junior,cstoeckle1e
52,Arin,Griffitt,AnqdNdW5gdI,senior,agriffitt1f
53,Essy,Guess,OzsEBNqII,senior,eguess1g
54,Tresa,Dennistoun,eaGc1RN,medior,tdennistoun1h
55,Guillaume,Winsiowiecki,mP7cZcs,senior,gwinsiowiecki1i
56,Jacenta,Roz,Bx3ETF8OmK,medior,jroz1j
57,Nannie,Simioli,1Tb7a3Sc4,senior,nsimioli1k
58,Sebastien,Houston,1O8wmp0bKChR,junior,shouston1l
59,Bibby,Lisimore,v44nYLkJ0LPK,senior,blisimore1m
60,Mignonne,Dallender,ExTe4dwKc,junior,mdallender1n
61,Benedetta,Bloys,JVHIbsMp,senior,bbloys1o
62,Wilfred,Coolican,xocQMk,senior,wcoolican1p
63,Brigitte,Marjot,4FzupvUk,senior,bmarjot1q
64,Hewe,Cable,u2mn7r0,medior,hcable1r
65,Lindsay,Kollach,yZRA8lsBJ,junior,lkollach1s
66,Ezequiel,Beagley,mEDrjl,junior,ebeagley1t
67,Andrus,Lum,BTqDNGJOZ8c6,junior,alum1u
68,Ursuline,Bissiker,JehM0F,senior,ubissiker1v
69,Marianna,Skypp,IlecR0J0Opm,senior,mskypp1w
70,Horten,Verheijden,VOH6h7L0p4,junior,hverheijden1x
71,Gwenny,Mangon,J5nQt1xNJd,senior,gmangon1y
72,Sadie,Yakob,R8qpkC8zXKv,junior,syakob1z
73,Fina,Prangle,qkO9VCJ5KJrR,junior,fprangle20
74,Benoite,Shillabear,oxmm9ga,junior,bshillabear21
75,Rancell,Christene,nrXAOQsi,senior,rchristene22
76,Holly,Semken,tYMP4w8R,medior,hsemken23
77,Horacio,Trahear,KnCYESM8W,junior,htrahear24
78,Bianka,Swancock,H2mWNnDNpk,medior,bswancock25
79,Linda,Weinberg,yXUPYuepZ,junior,lweinberg26
80,Jacquie,Clague,PBVWqwf1Nxh,senior,jclague27
81,Rickey,Abley,KzkF8YOFe,senior,rabley28
82,Anton,Biasi,61EJkM3r5LX,junior,abiasi29
83,Everard,Tarn,tOGVXywei,junior,etarn2a
84,Drusi,Goodsall,h9E4XAAJmpxF,medior,dgoodsall2b
85,Rivi,Nerney,cCKLUR7a,senior,rnerney2c
86,Agnes,Klesel,clQi4uYzIe,junior,aklesel2d
87,Land,Hannaway,w6PK6Q,senior,lhannaway2e
88,Giacinta,Cultcheth,JEEChsVz3sP,junior,gcultcheth2f
89,Jacques,Greeno,uVrvYkU,junior,jgreeno2g
90,Edlin,Thomassen,5MeBW9bsm,medior,ethomassen2h
91,Dale,Glasman,n9HrQ9b25,junior,dglasman2i
92,Henderson,Monday,aKnuttx20Q7,senior,hmonday2j
93,Herrick,Cheese,Jz4CB0Tr,junior,hcheese2k
94,Alene,Cotterell,tbDRFTHT9idJ,medior,acotterell2l
95,Ronni,Paulazzi,2UO1FiegS,medior,rpaulazzi2m
96,Emmalynne,Bader,6rAskS,senior,ebader2n
97,Nicole,Honnicott,JahxcoIyc,senior,nhonnicott2o
98,Carissa,Kingzett,sZDvqZGD0x,junior,ckingzett2p
99,Mata,Perrygo,th57eXy51,medior,mperrygo2q
100,Alma,Curbishley,Zkzkg08Nnl,medior,acurbishley2r
101,Bernadine,Sanger,z1nRfPwGx5,medior,bsanger2s
102,Daffie,Phillipps,pFEgZe,senior,dphillipps2t
103,Alexandr,Parlour,yFhePmf1oQ,junior,aparlour2u
104,Cary,Girkins,EsvxNe9,medior,cgirkins2v
105,Elene,Seedull,z9TrMln,medior,eseedull2w
106,Udale,Hassur,00d9OGcb,junior,uhassur2x
107,Hilton,Pauls,O3vN5G,senior,hpauls2y
108,Luelle,Bachnic,7j2yxMmG1tNR,senior,lbachnic2z
109,Derward,Greenacre,hfPrA08inr,senior,dgreenacre30
110,Ulrica,Steeden,yqp57WU,medior,usteeden31
111,Foster,Gaskarth,NH4pxB,medior,fgaskarth32
112,Lee,Sextone,cOI2e9DGoDB,junior,lsextone33
113,Gusti,Bewshea,IqnTHwST,junior,gbewshea34
114,Kalle,Levison,f0J3YeKze,senior,klevison35
115,Kimberly,Roset,ebsycj,medior,kroset36
116,Norton,Postlewhite,RHklBD,junior,npostlewhite37
117,Warde,Oiseau,NfJ6Mr,medior,woiseau38
118,Briana,Matzen,oa5qNfj4vAO,junior,bmatzen39
119,Neddy,Duval,0ArOck9,junior,nduval3a
120,Brandie,Brownsett,ueW6ke2D,medior,bbrownsett3b
121,Adrienne,Niven,Hh8dLdzO,medior,aniven3c
122,Tailor,Aspray,5iNHxZnlQ,medior,taspray3d
123,Wylie,Sheffield,VVywNfL2V,medior,wsheffield3e
124,Carolyn,Haken,mrBQHy,medior,chaken3f
125,Stafford,Cassimer,6o9QwGm,senior,scassimer3g
126,Lian,Astles,2YanXrT,medior,lastles3h
127,Tawnya,Drake,FyaMqADWu,senior,tdrake3i
128,Thadeus,Hubner,hN9nCwREIY4,senior,thubner3j
129,Katusha,O'Corren,A5zspKS3w1N,junior,kocorren3k
130,Jerrylee,Leeman,f3wi5cx,medior,jleeman3l
131,Marleah,Cosans,BdhUPZK,senior,mcosans3m
132,Brucie,Basindale,FRafZRr,senior,bbasindale3n
133,Cassi,McReedy,RotPTpXN,senior,cmcreedy3o
134,Terrie,Blaxley,nLaubXrWmkxG,medior,tblaxley3p
135,Grace,Paulitschke,90IwOImnaU,senior,gpaulitschke3q
136,Conney,Trayhorn,seASo9,junior,ctrayhorn3r
137,Eleanor,Digance,p462dY2,junior,edigance3s
138,Bird,Wilce,eYiFwr6g2e,medior,bwilce3t
139,Dolf,Hannis,WexM2ST,medior,dhannis3u
140,Marcellus,Yushin,ala5C5H3,medior,myushin3v
141,Lynnell,Ixor,8N4JpA,senior,lixor3w
142,Pearla,Leveritt,5KvYk8q80,senior,pleveritt3x
143,Wally,Crosthwaite,xuLefrejA9h,medior,wcrosthwaite3y
144,Hilary,Klaggeman,SvxUPt,senior,hklaggeman3z
145,Isidore,Wooderson,PXSSMSkF8FN5,medior,iwooderson40
146,Port,Torry,yoXplaWaBwX,medior,ptorry41
147,Inessa,Menere,UqNIn89TPIdE,senior,imenere42
148,Chloette,Bexon,In1qbBHH9PP,junior,cbexon43
149,Bobina,Collihole,9KsMErN6,junior,bcollihole44
150,West,Butterfill,OIpD0fo1,senior,wbutterfill45
151,Ysabel,Margerison,aSEiRzj,senior,ymargerison46
152,Simon,Mattia,HL3TWJOwWAwY,senior,smattia47
153,Butch,Croasdale,RR1Ak5VbY6,senior,bcroasdale48
154,Anatola,Arnett,fHGfFa3Tp10,senior,aarnett49
155,Coralie,Everit,tCn7qLQQC3L,medior,ceverit4a
156,Carolynn,Undrill,wXCfXBOKI,junior,cundrill4b
157,Nita,De Filippo,AqRZpb8IXUsI,junior,ndefilippo4c
158,Irita,Pessler,xzwvelq,senior,ipessler4d
159,Thorin,Barley,k0FcSQ,junior,tbarley4e
160,Aubrey,Bruhke,reF2NSy,medior,abruhke4f
161,Mellicent,Garber,35F594m,senior,mgarber4g
162,Cati,Suarez,KRJ5ohyn,junior,csuarez4h
163,Amalia,Syde,VuGpelucN1,junior,asyde4i
164,Andromache,Racher,YzjXjJp,senior,aracher4j
165,Deanne,Rising,aiqYrCgidHVx,junior,drising4k
166,Alysia,Jelly,nXz2fvii3RXI,junior,ajelly4l
167,Mariana,Stansfield,WJvcdCE5ywj,junior,mstansfield4m
168,Wanda,Agronski,0iGZ9Z,senior,wagronski4n
169,Nettle,Philcott,Puo6AN37OK,senior,nphilcott4o
170,Jeddy,Renowden,r0Yq4WZCRPKS,medior,jrenowden4p
171,Ardis,Carrigan,7GWOBLLIm,junior,acarrigan4q
172,Mina,Pawelec,ApUHYDU0,medior,mpawelec4r
173,Keefe,Grange,V5f6tvFKx,junior,kgrange4s
174,Saw,Zorzutti,DE7EGNN7fc,senior,szorzutti4t
175,Talia,Ratke,Igy8O6PMWvC,medior,tratke4u
176,Jessie,Gheorghe,UCkkIigYga,junior,jgheorghe4v
177,Jessika,Rutley,9RjzT97yHESn,medior,jrutley4w
178,Elisa,Shwenn,l9v5mAzJS1L,medior,eshwenn4x
179,Eudora,Christol,glJeDrwhS,medior,echristol4y
180,Mae,Gladdor,aHANXILNljLO,senior,mgladdor4z
181,Ellynn,O'Hartagan,itoYWpt,junior,eohartagan50
182,Drusi,Terzza,uEvEWR8,senior,dterzza51
183,Rozalie,Crickmoor,7bLveLw,junior,rcrickmoor52
184,Darcey,Carney,92l0S74R9gf,medior,dcarney53
185,Ave,Castagnone,z14yUxCMSzuh,medior,acastagnone54
186,Lem,Hawksworth,qHuTsyrD7,medior,lhawksworth55
187,Beatrice,Rickwood,fkuOk8,junior,brickwood56
188,Jakob,Gorghetto,Zv2weMc33dXP,senior,jgorghetto57
189,Leeann,Whitbread,3hpBPwQXSW,junior,lwhitbread58
190,Chelsey,Tripony,DRTofn,junior,ctripony59
191,Bobbie,Shrimptone,nWkPVMB,junior,bshrimptone5a
192,Nikki,Badsey,ykhkpLknhf,medior,nbadsey5b
193,Ellis,Pinniger,Y6WmYS7ek,senior,epinniger5c
194,Myrtie,O'Hartagan,4Mwamx,senior,mohartagan5d
195,Katya,Kerfoot,uTe5d91Fj9j,junior,kkerfoot5e
196,Hamilton,Brandrick,nXjwJw,senior,hbrandrick5f
197,Gallagher,Hoggetts,1MBvaR91Z,senior,ghoggetts5g
198,Evyn,Ruston,HwkBee,junior,eruston5h
199,Rebekkah,Wynrahame,E2INhmHJdzH,junior,rwynrahame5i
200,Hestia,Moule,Guhelel8mB,senior,hmoule5j
201,Clare,Aikett,Uv0dm69bdz,junior,caikett5k
202,Saidee,Housen,wMz8snZ,senior,shousen5l
203,Alphard,Suthren,dQWZ82wPniG,junior,asuthren5m
204,Kora,Mullin,MFjkZm,medior,kmullin5n
205,Quintus,Cutmore,1mVCloY02,medior,qcutmore5o
206,Cristie,Pharaoh,18HBr0j9,junior,cpharaoh5p
207,Trixi,Gallemore,K6mYgh,medior,tgallemore5q
208,Kim,Skunes,MNarRhNI,senior,kskunes5r
209,Carmelina,Sivills,xZZJkS5HLzdA,senior,csivills5s
210,Bone,Gawkroge,yP9I9q,junior,bgawkroge5t
211,Freddie,Mougel,lziL6hra,senior,fmougel5u
212,Myles,Mandre,xAqGLXVUuDky,senior,mmandre5v
213,Clywd,Farfolomeev,DCCqcqRp,medior,cfarfolomeev5w
214,Rici,Sowten,tNvQmOU,medior,rsowten5x
215,Prue,Goldie,oHsstbGRr,junior,pgoldie5y
216,Jerrie,Dearden,nsJbHvF,senior,jdearden5z
217,Gisella,Eblein,7djMnT,junior,geblein60
218,Clair,Trobe,V1J5SRy,medior,ctrobe61
219,Minda,Stedman,4cgGt42c,junior,mstedman62
220,Rowena,Mattiello,Sa9ByLXnRl4k,junior,rmattiello63
221,Kaycee,Eivers,Uu9jo4,junior,keivers64
222,Torre,Barling,4IAPqiRd75M,senior,tbarling65
223,Ulises,Englefield,vfRFjx0mj,senior,uenglefield66
224,Elga,Daintier,zYKWNyZys,senior,edaintier67
225,Minta,Shawcroft,opwIaSM,medior,mshawcroft68
226,Marjie,Gorrick,FBdSgFBS,medior,mgorrick69
227,Kaile,MacTrusty,9RDWmfWI,senior,kmactrusty6a
228,D'arcy,Havercroft,F7wKxt,senior,dhavercroft6b
229,Bathsheba,Kochlin,d1T6ZExx,junior,bkochlin6c
230,Karel,McGuckin,IH0kq10aULXj,junior,kmcguckin6d
231,Krista,Blanning,yGYMZS,senior,kblanning6e
232,Rhonda,Cowcha,DFwXs1yg,junior,rcowcha6f
233,Malorie,Gudeman,iQdqqvJvUt,senior,mgudeman6g
234,Theo,Sarge,rkX9QY53he1,senior,tsarge6h
235,Wallie,Trouel,kj8GXBCQ5TzQ,junior,wtrouel6i
236,Lannie,Caseley,IbPbQulcvbp,medior,lcaseley6j
237,Bud,Anshell,F5ZpdZk7t2x,medior,banshell6k
238,Clemmy,Waything,JlT64UpW,medior,cwaything6l
239,Keri,Heape,SKMpXQDxibK0,junior,kheape6m
240,Meyer,Thomsen,ufRgopiAgG,senior,mthomsen6n
241,Editha,Lockhurst,bx9u5m,senior,elockhurst6o
242,Papagena,McVee,DIzUwitO,medior,pmcvee6p
243,Thomas,Swinburn,ioc00cw,medior,tswinburn6q
244,Ingaborg,Scourge,9dEtgCif4Xh,medior,iscourge6r
245,Valene,Derx,e6XZYSRPKs,junior,vderx6s
246,Angel,Talmadge,rKQ0zYk99JP1,junior,atalmadge6t
247,Shir,Limbert,HOcdAe11,junior,slimbert6u
248,Lyndy,Horsley,jFgu0Y,medior,lhorsley6v
249,Odelle,Malden,uc4ib5,senior,omalden6w
250,Pryce,McConnachie,ds8WpVLx6FAb,senior,pmcconnachie6x
251,Gilligan,Antoniutti,0WCiKT7kkW8,junior,gantoniutti6y
252,Fletch,Lorenzo,x1PyDQt,junior,florenzo6z
253,Cliff,Camelin,OkfgJoSkrrjm,senior,ccamelin70
254,Patrizia,Chilley,Z6yPEZk,junior,pchilley71
255,Dinnie,Trett,oWpxkaMm55,medior,dtrett72
256,Virginia,Waller-Bridge,LAzAMVhrW,senior,vwallerbridge73
257,Cleavland,Zold,gAp41SKP,senior,czold74
258,Jermaine,Maton,7jWaJrk,junior,jmaton75
259,Alex,Doers,Bw8UuuEZA,medior,adoers76
260,Bella,Hamlett,r6hPvpirU4u,senior,bhamlett77
261,Cherida,Roles,3v5jUVpoqNf,senior,croles78
262,Ugo,Fullwood,gf0VhBKuml,senior,ufullwood79
263,Thea,Lovatt,QtpDngRuFy,senior,tlovatt7a
264,Josi,Singh,tj9LHe,senior,jsingh7b
265,Felicdad,Peckham,US5hLVeofum,medior,fpeckham7c
266,Elena,Ewenson,4B9fDS,senior,eewenson7d
267,Merry,Greiswood,ylsHpEI,junior,mgreiswood7e
268,Inna,Chainey,eytuYJC8Vx,medior,ichainey7f
269,William,Delucia,q2CMQp,junior,wdelucia7g
270,Dareen,Gowers,VuJAXPZ,senior,dgowers7h
271,Robb,Celes,3t2Co7Si,medior,rceles7i
272,Grissel,Edon,SSLADKIbHb7,medior,gedon7j
273,Karlis,Eplate,6suLePN,senior,keplate7k
274,Marta,Eck,HJ9HuYeRlM,medior,meck7l
275,Ami,Sellens,HcMJ0EGRL9ER,senior,asellens7m
276,Silvester,Obert,07SNqloo,senior,sobert7n
277,Bertie,Brandham,e221Qg8VY,medior,bbrandham7o
278,Elianora,Bowness,6snsfoPVwg,medior,ebowness7p
279,Nicole,Chipps,JVgeKAcKTbR,junior,nchipps7q
280,Jeannette,Wickson,QQGW3k,senior,jwickson7r
281,Loni,Jagson,O7jtkY0ThU7,senior,ljagson7s
282,Cordi,Bunclark,FivR6k3N,junior,cbunclark7t
283,Hank,Birkby,j3JViaSOBgj,medior,hbirkby7u
284,Jourdain,Walcot,l10Tge6,senior,jwalcot7v
285,Gun,Dinsell,OCyb91,senior,gdinsell7w
286,Cam,Kightly,H0HPIlBHs8,medior,ckightly7x
287,Leesa,Mateos,BiROQIYqv2CD,junior,lmateos7y
288,Aron,Atton,534lWMFTx4,senior,aatton7z
289,Bevon,Robecon,KfrgKn8R,medior,brobecon80
290,Beatrix,Coggen,XZsPVqj6SEE1,medior,bcoggen81
291,Erika,Guerner,wH2Wpe,medior,eguerner82
292,Leonerd,Bernaert,EmZshaZRH,senior,lbernaert83
293,Olin,Muncie,sVW0vGn5vBQo,senior,omuncie84
294,Antonina,Tissier,vyAEwF,junior,atissier85
295,Sherrie,Drewery,i4iZqMT,junior,sdrewery86
296,Bobinette,Atte-Stone,lcC04bnjexp,senior,battestone87
297,Lyndel,Brodeur,iVW3MwYi,junior,lbrodeur88
298,Dewitt,D'Elias,bRnGw4,senior,ddelias89
299,Alex,Sprasen,J7vFe8kLfh6,medior,asprasen8a
300,Pauline,Fisbey,TxtQtlaZ,medior,pfisbey8b
301,Harv,Vaskov,6Phl24809k,junior,hvaskov8c
302,Helaine,Shortland,9EhbHPt1BH,medior,hshortland8d
303,Hewett,Witcherley,cshriWzAKu,medior,hwitcherley8e
304,Cesar,Cowerd,2uoFRypUKJp,junior,ccowerd8f
305,Hersh,Tarbatt,zZAClRlPRxC,medior,htarbatt8g
306,Liliane,Worton,87ySl4pt06,medior,lworton8h
307,Ruby,Southwood,l4lV1DbzJ,medior,rsouthwood8i
308,Leonelle,Larchiere,1vh1ox,senior,llarchiere8j
309,Mandie,McKearnen,gTt7zK,senior,mmckearnen8k
310,Israel,Lazenbury,Zn2Q4d,junior,ilazenbury8l
311,Brenda,Fennelly,AD0hZeJ,senior,bfennelly8m
312,Gordy,Genese,DLe1980WqSN,medior,ggenese8n
313,Sayres,Tomankiewicz,YHcTZICcS,junior,stomankiewicz8o
314,Jennica,MacCarter,TE1tXBy1TLnY,junior,jmaccarter8p
315,Rosemary,Borgne,adB4HG,senior,rborgne8q
316,Laurie,Gammett,UyuzYy,medior,lgammett8r
317,Wainwright,Moorcroft,y7KoxS,medior,wmoorcroft8s
318,Marina,Chinnery,GNt5wf3NT0d3,junior,mchinnery8t
319,Loise,Cosbee,Y5q5o0hwZO9e,senior,lcosbee8u
320,Avictor,Thonason,Pm2hoc9CLuy,junior,athonason8v
321,Damon,Merryman,cGz41fRuVq,medior,dmerryman8w
322,Brittney,Cockran,5bifpO,junior,bcockran8x
323,Torrie,Jerzykiewicz,vckxIYbZ12w,junior,tjerzykiewicz8y
324,Abbe,Levey,MqKpcAN1fptA,medior,alevey8z
325,Hugibert,Guiet,FlaWVjKBigC,junior,hguiet90
326,Daisy,Mazillius,0hiLmRuon,senior,dmazillius91
327,Shalom,Furneaux,plDzSzm2,senior,sfurneaux92
328,Janina,Wright,w7CbapIv8rRm,medior,jwright93
329,Alyce,Jobbings,1BvXqGRtJw1r,junior,ajobbings94
330,Jarrett,Frostick,EhrZUd35M9,junior,jfrostick95
331,Micheil,Breem,VsY1wCtmS,senior,mbreem96
332,Franky,Teasdale-Markie,lnR1FK,senior,fteasdalemarkie97
333,Kessiah,Batisse,KeWLEw,junior,kbatisse98
334,Maggy,Jurczik,cnalXWzFaF,junior,mjurczik99
335,Jobye,Aguilar,AUKa2H0,medior,jaguilar9a
336,Micaela,Rubenovic,FbBQZfYVsgv7,medior,mrubenovic9b
337,Wylma,Edmondson,dqGwaSkE,junior,wedmondson9c
338,Arlen,Ager,BjeIYl,medior,aager9d
339,Boothe,Persehouse,dE8lFU,medior,bpersehouse9e
340,Rosalinda,Olligan,Dik8eJpfiMV,medior,rolligan9f
341,Ernestus,Raithbie,an70RddOK,senior,eraithbie9g
342,Ora,Berard,gXaDazkf,junior,oberard9h
343,Barrie,Bickell,TI1RLyRCeKcK,junior,bbickell9i
344,Iormina,Bartholat,PUZWXQd2IYBs,senior,ibartholat9j
345,Gib,Smolan,VyubYJrUje,medior,gsmolan9k
346,Cobbie,Hertwell,KyybqCGCFmj,senior,chertwell9l
347,Barny,Bucky,EqVJbU,medior,bbucky9m
348,Maris,Whyard,z7U97vjjVA,junior,mwhyard9n
349,Merissa,Campany,SdC5lfALOE,senior,mcampany9o
350,Salomo,Yelyashev,LVD8NbjOH,medior,syelyashev9p
351,Ailsun,Iffland,AMG4zB,senior,aiffland9q
352,Josi,Harron,Hj9ZsX7jIOt6,senior,jharron9r
353,Aurie,Cutchie,QWYqVq,junior,acutchie9s
354,Ricky,Sparshott,xTK6ZlBzivM2,junior,rsparshott9t
355,Fran,Ruckert,VTOvKO4nUt7,junior,fruckert9u
356,Rozanna,Kerins,HkvCLhzMYEp,medior,rkerins9v
357,Doro,Drewett,FvNw6R,medior,ddrewett9w
358,Heywood,Webermann,eJaVsG6SPld,junior,hwebermann9x
359,Packston,Burberye,VbUlqVUXxfFF,junior,pburberye9y
360,Stu,Lankham,niNEuNpX,senior,slankham9z
361,Sansone,Dudill,b642ysblKho,junior,sdudilla0
362,Margery,Gueste,Zn3nfaffNo,medior,mguestea1
363,Bari,Osmant,yD48QFjt,senior,bosmanta2
364,Cassey,Trendle,b98JQROqlRSB,senior,ctrendlea3
365,Emilee,Le Grice,l935gKj,medior,elegricea4
366,Ulberto,Jeskins,zrAmKQQwe,senior,ujeskinsa5
367,Chelsy,Summerfield,G4k9ElE9Dt,medior,csummerfielda6
368,Maynord,Frear,VQ3zbKD9iD,senior,mfreara7
369,Mathilde,Ensley,HJmqD0,junior,mensleya8
370,Brooks,Goor,rZkMXliQoB,medior,bgoora9
371,Krista,MacMenemy,RRPg0c2VvWWt,medior,kmacmenemyaa
372,Waylen,Mantripp,ra33opS0,senior,wmantrippab
373,Warden,Purtell,5Cyrmu5,medior,wpurtellac
374,Francene,Crickmoor,gJwbsZE,junior,fcrickmoorad
375,Skipp,Phizaclea,7mzSRB,junior,sphizacleaae
376,Chickie,Ranns,mTMUeCJcge,junior,crannsaf
377,Jeane,Serraillier,kCRLVVKMI6fS,senior,jserraillierag
378,Oberon,Dewbury,ZvtXwDHmUcW2,medior,odewburyah
379,Keenan,Dufton,MTnakHEDEVa,junior,kduftonai
380,Patty,Bernardi,tHWVacWRJh7l,senior,pbernardiaj
381,Pamela,Windaybank,vgj1EXym9JR,medior,pwindaybankak
382,Sandye,Casey,18cJxLv,senior,scaseyal
383,Hilary,Fanner,3fF2t3AN,junior,hfanneram
384,Steffane,Older,jOzmd2,junior,solderan
385,Roscoe,Jore,lqHDjZ9BN,junior,rjoreao
386,Gavin,FitzGibbon,iNgwko7TAXP,junior,gfitzgibbonap
387,Coriss,Imos,RI3yI8,junior,cimosaq
388,Jdavie,Tumioto,TR7agKwix61V,medior,jtumiotoar
389,Lalo,Kassman,4TaNc3p2M40,senior,lkassmanas
390,Luce,Rathbone,ohHiyt3r2Er,medior,lrathboneat
391,Tanner,Rettie,M8ChVp,medior,trettieau
392,Janos,Duffield,2PZUN7f6j0,medior,jduffieldav
393,Ravid,Brabbins,ryq3QXbN,medior,rbrabbinsaw
394,Velma,Garland,AIlzKMUXPqnW,junior,vgarlandax
395,Clarette,McIlwreath,HFOaeftyw5,junior,cmcilwreathay
396,Sonnie,Kliemchen,jvhzpZLf,junior,skliemchenaz
397,Celestia,Mantione,LpiKOO,medior,cmantioneb0
398,Harli,Nassey,ttIuqBalHVZ,junior,hnasseyb1
399,Ashlen,Grunwall,AqJ3ALDw,senior,agrunwallb2
400,Mada,Rhubottom,nFB0puv0Uy,junior,mrhubottomb3
401,Kilian,Wylie,WuJUHCl,medior,kwylieb4
402,Danny,Kolinsky,82FU7ZS,junior,dkolinskyb5
403,Franni,Babcock,kiSR14BcK,medior,fbabcockb6
404,Muffin,Ovise,QXsajC1mD6Po,medior,moviseb7
405,Jerri,Grishechkin,SZPrJPl,medior,jgrishechkinb8
406,Cordy,Monahan,IHpe7Rv,senior,cmonahanb9
407,Odella,Seton,B5s5IvTlA6KK,senior,osetonba
408,Felic,Losebie,NYeEcpG1Bz2,medior,flosebiebb
409,Killie,Heater,UenXqGBZPxc,junior,kheaterbc
410,Edin,Boyack,tWrcb7yjD,medior,eboyackbd
411,Harriott,Renneke,fjTuqA8j,senior,hrennekebe
412,Priscilla,Growden,54SikVykW,senior,pgrowdenbf
413,Sela,Lethlay,CCiXeYykPR,senior,slethlaybg
414,Amber,Basnett,Vlal1d9,senior,abasnettbh
415,Colene,Frith,R6q977,senior,cfrithbi
416,Konstance,Devonshire,VQQdEO,junior,kdevonshirebj
417,Piggy,Yosevitz,wvWK1idooMf,senior,pyosevitzbk
418,Haleigh,Cockland,VYY0dxmGYOt,senior,hcocklandbl
419,Kerrin,Deeman,rUG67CJ0EgT,medior,kdeemanbm
420,Kalle,Rabat,L1VZ3O,senior,krabatbn
421,Theresita,Newcomb,Ie7osR1,medior,tnewcombbo
422,Ivor,Jeanequin,XisRoyh1mUXl,medior,ijeanequinbp
423,Ertha,Letson,ajmY2jwfizrq,senior,eletsonbq
424,Corri,Calven,3swspnZgs9d2,medior,ccalvenbr
425,Garek,Balf,BTkYVSKPBp,senior,gbalfbs
426,Franny,Jarvis,b7Wt8QE,junior,fjarvisbt
427,Gilemette,Coppin,LZKdbIXwv9u,senior,gcoppinbu
428,Shaylynn,Ofener,FhcCElNkwTP,senior,sofenerbv
429,Maurizio,Wheeler,dtErNGEOZ,medior,mwheelerbw
430,Paddy,Giron,CmPS0sUESu,medior,pgironbx
431,Charles,Burras,8lWXI7CraoO,junior,cburrasby
432,Kellia,Philpin,S8Ukys,junior,kphilpinbz
433,Ingaborg,Crothers,1Bfka3,senior,icrothersc0
434,Flory,Lackey,mfOUqEO,senior,flackeyc1
435,Vinita,McPaike,ES0vq5LCf0,senior,vmcpaikec2
436,Sabrina,Volcker,M73zLvdAC9,senior,svolckerc3
437,Elva,Heasley,R6XOeVYvIC,medior,eheasleyc4
438,Meara,Muttitt,958vgIdVB2WO,junior,mmuttittc5
439,Timmi,Karpe,bwoOdvxZzfH,medior,tkarpec6
440,Jeremias,Bann,0LacoO2,senior,jbannc7
441,Bronny,Bausmann,Dfalmdiy4,senior,bbausmannc8
442,Harriette,Zellmer,J30JcFj,medior,hzellmerc9
443,Bran,Shipp,xQQB8ZAYE,senior,bshippca
444,Nina,Gotling,Ji4WIM,junior,ngotlingcb
445,Annissa,Awton,AdhW4B6,senior,aawtoncc
446,Gaby,Thrasher,iSee6UYFY,medior,gthrashercd
447,Bronson,Caldicott,8ihtTqUy9Ca,senior,bcaldicottce
448,Dasie,Wratten,Xt3Zlb0tO,junior,dwrattencf
449,Vannie,Saban,O09l0m,medior,vsabancg
450,Hollyanne,Szymanek,TlzFAN4B,senior,hszymanekch
451,Lillis,Corrao,QZdjOZUPA,senior,lcorraoci
452,Orson,Episcopio,b9FUZqzy,senior,oepiscopiocj
453,Alfons,Arboin,PTmDoP3,senior,aarboinck
454,Stanton,Pfaffel,rtzzs4N,junior,spfaffelcl
455,Amandi,Bartali,TAotVqmDQI,junior,abartalicm
456,Meade,Idney,UW5fpBv3AlFb,medior,midneycn
457,Syd,Mapstone,0O8jdFz6tg,senior,smapstoneco
458,Adina,Ousby,wfaKv9b,junior,aousbycp
459,Benton,Foxley,JW1tyAnjsP6,junior,bfoxleycq
460,Anetta,Bartosek,UBXkwXFVH,medior,abartosekcr
461,Merrill,Keri,PLblNdCsI,medior,mkerics
462,Lou,Zuanelli,zenXJjE,senior,lzuanellict
463,Sascha,Powell,A4bBpIo1y,medior,spowellcu
464,Robinet,Faley,U9P8ZM4,medior,rfaleycv
465,Marleah,Clewett,hCAIHV9,senior,mclewettcw
466,Gaylord,Schust,LvsAhkgBu,senior,gschustcx
467,Linette,Geertsen,jO5Kt38nYy,senior,lgeertsency
468,Lorry,Albone,jDkHXp5uhxS,medior,lalbonecz
469,Maighdiln,Paolozzi,5qbmhkI9Oss,medior,mpaolozzid0
470,Halimeda,Holton,FHxgyFzlPZT,medior,hholtond1
471,Berny,Panter,GRbBxdoJ4FrZ,senior,bpanterd2
472,Clemmy,Ghiriardelli,rpk4Od,medior,cghiriardellid3
473,Tawsha,Baythrop,QI84oKfJ,senior,tbaythropd4
474,Victoria,Stirman,MnpDlkh6,junior,vstirmand5
475,Jennilee,Yakobowitch,LPAGXz3m2NaK,senior,jyakobowitchd6
476,Darell,Greenhaugh,55BqzP,junior,dgreenhaughd7
477,Humberto,Dockrey,ZZxEHghL4,senior,hdockreyd8
478,Marielle,Dyball,SLFYl1rB1,medior,mdyballd9
479,Constantin,Dzeniskevich,fDbwM2Akmwe,medior,cdzeniskevichda
480,Patty,Donat,ZYZjBT,senior,pdonatdb
481,Parke,Trodden,Jz62pXRLY,medior,ptroddendc
482,Morgen,Boatman,EZK9dN,junior,mboatmandd
483,Field,Marion,rXJ3oA5,medior,fmarionde
484,Pearl,Drinkall,75hFGm4O9,junior,pdrinkalldf
485,Carmina,Dorn,Ec4xybGrOSZJ,junior,cdorndg
486,Grier,Jacks,Ioxy26,junior,gjacksdh
487,Lind,Coleford,3QeYWu6ezDc,senior,lcoleforddi
488,Artair,Yearne,S2nWLPjqCT7,senior,ayearnedj
489,Lishe,Matejka,lUhIOHkFD0,senior,lmatejkadk
490,Odella,Brearton,BPhs4kF2V3,senior,obreartondl
491,Wilfrid,Krauze,obVxOTI,senior,wkrauzedm
492,Katleen,Neeves,EYjzIo6,senior,kneevesdn
493,Myrtie,McElhinney,4AxdVx5i,junior,mmcelhinneydo
494,Kristina,Pickthall,sEXjavcnZpx,junior,kpickthalldp
495,Ludvig,Kynson,1rtKxyErC,medior,lkynsondq
496,Janifer,O'Hagan,3udfz4CHn,medior,johagandr
497,Carin,Kegan,JX6Ejl3N,medior,ckegands
498,Napoleon,Idwal Evans,IKlgUesxzl0,senior,nidwalevansdt
499,Gerianna,Olsson,gvdYPGHR2,senior,golssondu
500,Berenice,Perkin,i4I10Er,senior,bperkindv
501,Tallou,Orwell,TTMqYQTIRtU,medior,torwelldw
502,Editha,Fryman,jCP0c48qh,junior,efrymandx
503,Tallie,Risson,L3sP7KAVVlQ,junior,trissondy
504,Chloris,Ledingham,Vjxs1iBCekj5,junior,cledinghamdz
505,Burty,Farenden,oHTPTi2afHud,senior,bfarendene0
506,Lynnet,Durtnel,UDUiPH4,senior,ldurtnele1
507,Loella,Aburrow,R2cBFcgF,medior,laburrowe2
508,Sheela,Aldhous,JowjeF,senior,saldhouse3
509,Jeramey,Legier,x3Xu42n,senior,jlegiere4
510,Carola,McElvogue,o0hZaZ,senior,cmcelvoguee5
511,Anallise,Artz,JrLY014VL,junior,aartze6
512,Dorothea,Prendeguest,ocpGhZk5Vz,senior,dprendegueste7
513,Peg,McCreary,a69dFEFvtT,junior,pmccrearye8
514,Rogers,Biasotti,17Y9iSmNvFS,medior,rbiasottie9
515,Emmalee,Lalor,Dq3iRP,senior,elalorea
516,Clarita,Naile,YMaR8MG8,medior,cnaileeb
517,Jennica,Philipps,mJ9fdDJPt9,medior,jphilippsec
518,Felice,Ring,oidhjV,medior,fringed
519,Sascha,Kilday,lBPGFhjEIsBp,junior,skildayee
520,Sarita,Gunda,gM2VSNfdQ,senior,sgundaef
521,Lonni,Bussen,cSiR0BV,senior,lbusseneg
522,Casie,Sherel,oTzxNtz8i,senior,cshereleh
523,Valery,Dedam,mUO13PkQfmV,junior,vdedamei
524,Culley,Ellacott,rIQpZOFjO,junior,cellacottej
525,Elias,Winfrey,TZ2VBT3U5,junior,ewinfreyek
526,Aurelie,Tingley,uPp6cMxkaZ,senior,atingleyel
527,Ilyse,Colisbe,mSpZmV,medior,icolisbeem
528,Joseph,Lindemann,Eukt10N7k,senior,jlindemannen
529,Odele,Antoniou,qGm80hXY,senior,oantonioueo
530,Xever,Mongin,JfUv75C8yc,senior,xmonginep
531,Quintin,Coolican,WcmU3AOj,senior,qcoolicaneq
532,Ignaz,Maryon,cveWGnMl54ZN,medior,imaryoner
533,Timi,Symcock,CLNMhXYw,senior,tsymcockes
534,Zuzana,Jaggers,xn1KTE5IRk,medior,zjaggerset
535,Alberta,Withinshaw,nQwGwP,junior,awithinshaweu
536,Ahmad,Laity,bfUmatg,junior,alaityev
537,Isac,Sprakes,g28gDH,medior,isprakesew
538,Teena,Maskew,7joCX9K,senior,tmaskewex
539,Dee,Le Guin,2H8r0aj,senior,dleguiney
540,Walker,Oneile,zu9TXijJzid,senior,woneileez
541,Stacey,Adamkiewicz,gfcWmkSOA,senior,sadamkiewiczf0
542,Rozamond,Rudall,a6xtvfn6,medior,rrudallf1
543,Olly,Feechum,qRIMCla2Fbg,senior,ofeechumf2
544,Patton,O'Lennane,FLYbvF7m9D,junior,polennanef3
545,Blayne,Simonazzi,sqvgVv1f3,medior,bsimonazzif4
546,Bernadine,Grindrod,lMaCSo4inL,medior,bgrindrodf5
547,Stanly,Slides,JSE6b8tti7z,junior,sslidesf6
548,Meris,Pledge,2ZGGNfV1,junior,mpledgef7
549,Tim,Bockin,kYBQBpI,senior,tbockinf8
550,Filberto,Monson,h27mUP,senior,fmonsonf9
551,Rebbecca,Skitteral,KdVZ0d0lOzqK,senior,rskitteralfa
552,Verna,Allchorn,ANmF0J2,medior,vallchornfb
553,Jeanine,Scurrer,kV7gPObe,junior,jscurrerfc
554,Olive,Organer,0QSw6g,senior,oorganerfd
555,Serena,Minchell,vyJTCxK87Vk,medior,sminchellfe
556,Allie,Phillput,pFPhwjT,junior,aphillputff
557,Claudell,Capps,8w6WHC0B,senior,ccappsfg
558,Nickola,Whittle,LfmilI,senior,nwhittlefh
559,Lorene,Weiser,u2xeaAjfYa,medior,lweiserfi
560,Kit,Falcus,OEdpus6HCo0,junior,kfalcusfj
561,Renard,McKeefry,H3GGIV,junior,rmckeefryfk
562,Sheri,Rosewall,QT7oANComCx,medior,srosewallfl
563,Charlton,Furmenger,f6PHjR7t,junior,cfurmengerfm
564,Steffie,Hendren,11QP7a16srD,medior,shendrenfn
565,Anderson,Levane,pFGGJtQlM,junior,alevanefo
566,Alon,De Cruz,132i4v0ugV26,senior,adecruzfp
567,Dilly,O'Collopy,hmqQMR,medior,docollopyfq
568,Katee,Balam,RXyyXz,junior,kbalamfr
569,Bealle,Hollingsby,xNxDcv1,junior,bhollingsbyfs
570,Jerrold,Shellsheere,GXTFAHAB7N,senior,jshellsheereft
571,Karly,Rallings,53ZqCz2VA,senior,krallingsfu
572,Mirabelle,Mayfield,R7ysw7Hf,medior,mmayfieldfv
573,Alley,Flecknell,2wHd6YKpqS,junior,aflecknellfw
574,Melvyn,Santen,6iyj3pddq,senior,msantenfx
575,Klemens,Tunder,6ZCa6kz8Ov5,medior,ktunderfy
576,Georgeta,Rothwell,CdCzYV,medior,grothwellfz
577,Itch,Conningham,t0qMN6V6TFa,medior,iconninghamg0
578,Kathe,Chasmor,xbcXxc89LalU,senior,kchasmorg1
579,Valery,Bryning,DXYDlJyr,junior,vbryningg2
580,Concettina,Stallworthy,pvsgMijs9B,medior,cstallworthyg3
581,Hazel,Isac,3EHz53jhgv,medior,hisacg4
582,Taddeusz,Lock,k31m12M,senior,tlockg5
583,Cesya,Pennetta,GDqVym,junior,cpennettag6
584,Lonee,Jime,topGZLT,senior,ljimeg7
585,Dredi,Gillet,fIYgWg,medior,dgilletg8
586,Else,Braganza,PCSL8URk,junior,ebraganzag9
587,Aldwin,Griggs,VSjV6ozSw4N,junior,agriggsga
588,Annnora,Le Noury,mFCarIkHYLpn,junior,alenourygb
589,Riannon,Hainsworth,I2Dez4tQ8,medior,rhainsworthgc
590,Edie,Stead,XCBe9jWD5d,junior,esteadgd
591,Mimi,Talbot,lDGVICVTB,junior,mtalbotge
592,Francyne,Symper,IbDYhQ,junior,fsympergf
593,Austina,Fydo,nk0DfoE,junior,afydogg
594,Odell,Vignaux,aVMchOZkq9s,senior,ovignauxgh
595,Patricio,Aysik,tZhyIZ,medior,paysikgi
596,Sheila,Guwer,jdVaoLI97mE,medior,sguwergj
597,Al,Forsard,gH1G1rKvY1r,medior,aforsardgk
598,Erasmus,Simko,KOKMe2LIf7,senior,esimkogl
599,Marie-ann,Venn,4nj8cMDs,junior,mvenngm
600,Shanda,Piddick,oYOgdcFCQJn,medior,spiddickgn
601,Liliane,Jocic,f4jNdFe,senior,ljocicgo
602,Brig,Cleugher,hIVErP4BT2kr,junior,bcleughergp
603,Rozele,Jennaroy,jjIxTEoMLXQ,junior,rjennaroygq
604,Dorise,Gosart,y0gcSE7d,junior,dgosartgr
605,Merle,Girardez,dBHQCsFv4TFq,medior,mgirardezgs
606,Gerhardine,Kirrens,M1fRFZH0,senior,gkirrensgt
607,Drugi,Pittham,0rTcKEYOyeTe,medior,dpitthamgu
608,Aimee,Stocker,1xRvFruONL,medior,astockergv
609,Marika,Mcwhinnie,eXOlgQkMk,medior,mmcwhinniegw
610,Leeanne,Bloodworthe,mmm1234,junior,lbloodworthegx
611,Liv,Matchell,KTrZTEvtTdUN,medior,lmatchellgy
612,Leonidas,Emery,0KBoK9v7oPL,junior,lemerygz
613,Pembroke,de Aguirre,XRHKH8qXW,senior,pdeaguirreh0
614,Caty,Ingley,q5IhVrw37IN7,junior,cingleyh1
615,Geneva,Fetteplace,wxQfqZOebVR6,junior,gfetteplaceh2
616,Tamarah,Vasyaev,BdCp6Km,senior,tvasyaevh3
617,Lin,Megany,FGsC2mr01JU,senior,lmeganyh4
618,Dotti,Sprules,8ZGEjFG,junior,dsprulesh5
619,Emlen,Slyford,NusoVg,medior,eslyfordh6
620,Jamey,Gilhouley,Io6YJD04GWDC,senior,jgilhouleyh7
621,Camey,McKerron,3bOqUYcr8V,junior,cmckerronh8
622,Winifred,Davio,ra9krsR8Rvsi,senior,wdavioh9
623,Clark,MacKnight,dODDL5X5Uni,junior,cmacknightha
624,Goran,Fishbie,dAzwaLBaAjj4,senior,gfishbiehb
625,Christophorus,Persey,zEbA0XDtLt,medior,cperseyhc
626,Belvia,Bromilow,4KjLB0ubs,senior,bbromilowhd
627,Enrichetta,Auty,ETf5b4gR,senior,eautyhe
628,Mavis,Minshall,pMD33KEJB,junior,mminshallhf
629,Albert,Lawrenson,7ej3qrVqm,junior,alawrensonhg
630,Alfred,Luckes,DDX5kD7w5kw,junior,aluckeshh
631,Hugo,Blazy,KDadU7I8DH0Q,senior,hblazyhi
632,Christina,Lomen,NU6EdVL,junior,clomenhj
633,Tammy,Storr,QIcRLqRqUng,senior,tstorrhk
634,Cully,Vane,wX9AS7x4hk,medior,cvanehl
635,Elvin,Blackborough,18awnzezYpFQ,senior,eblackboroughhm
636,Alyse,Breckwell,e4zojA,senior,abreckwellhn
637,Reynolds,Snedden,k181F7,medior,rsneddenho
638,Otes,Brauninger,yRqLTsbr3,junior,obrauningerhp
639,Sherman,Carder,JgkejPiwGOcD,junior,scarderhq
640,Betti,Ollivierre,zql8BQ9eq6,junior,bollivierrehr
641,Giff,Itzhayek,Eu8UOmmM,medior,gitzhayekhs
642,Antonino,Blackden,QHp2We,medior,ablackdenht
643,Wilona,Whate,LMWpAa,junior,wwhatehu
644,Rog,Holleran,GFOqLEhggqU,junior,rholleranhv
645,Rafael,Hainey`,2udi8YRuBX,junior,rhaineyhw
646,Adi,Brenston,E4iL5V0O,medior,abrenstonhx
647,Marthena,Popple,nPDr4TOOax,medior,mpopplehy
648,Sigismondo,Backe,mra5Vt,junior,sbackehz
649,Serge,Broadbere,ElWMRSet,senior,sbroadberei0
650,Josiah,Courcey,KPmfdFtWr,senior,jcourceyi1
651,Morlee,Deftie,70Nz8pmX2aT,medior,mdeftiei2
652,Romeo,McNeice,0n0yyjvw3,junior,rmcneicei3
653,Quintana,Wurst,PNIuRcS,medior,qwursti4
654,Halsy,Baytrop,CHp8UwTqNGq,junior,hbaytropi5
655,Perkin,Griswaite,q6wP1agnLGe,medior,pgriswaitei6
656,Amble,Voules,esSq03X,junior,avoulesi7
657,Alyosha,Drescher,sJJr7irT,medior,adrescheri8
658,Edythe,Thickens,P29NljpcDH,medior,ethickensi9
659,Fee,Moultrie,sX37ftDTxJnr,senior,fmoultrieia
660,Wilie,Twigger,pReFGZM8IHT0,senior,wtwiggerib
661,Bondy,Pearcehouse,13W6IV2Mv62r,medior,bpearcehouseic
662,Leona,Daish,FNvaFXmFM5,senior,ldaishid
663,Kyle,Berzins,WMlyr5h5X,senior,kberzinsie
664,Eadith,Engelbrecht,b00H8Vd,medior,eengelbrechtif
665,Terry,Issacson,lej1Zl1Lv,senior,tissacsonig
666,Marc,Beggio,WAvIp4X,junior,mbeggioih
667,Natalie,Keohane,W6Up9D,junior,nkeohaneii
668,Mattheus,Okey,qCr9bDJJ,junior,mokeyij
669,Floris,Teresse,JVx9vNFm,medior,fteresseik
670,Dianna,Jeste,YRADNDk,junior,djesteil
671,Paolina,Jelk,gZ0JOgOhFz15,senior,pjelkim
672,Valli,Jedrachowicz,rZp0XJ,junior,vjedrachowiczin
673,Avigdor,Ilieve,BF66vGUrUx,medior,ailieveio
674,Cosmo,Arnoud,KqRUsRhLFG9L,junior,carnoudip
675,Bernadina,Overstone,NEKP2xztMl,senior,boverstoneiq
676,Joy,Cholwell,TBBkYgFM,junior,jcholwellir
677,Shelley,Marquet,Typ6J1jOuOh,medior,smarquetis
678,Barbara,Saynor,dWaOAf6ERh,senior,bsaynorit
679,Dayle,Medling,MlCJCG,medior,dmedlingiu
680,Benjie,McVey,CDeeHKheio,senior,bmcveyiv
681,Sonnnie,Kaye,lt23fewb6,medior,skayeiw
682,Didi,Laidlaw,NNhoziT,senior,dlaidlawix
683,Gretel,Josephson,c2ZnhRoEqY,senior,gjosephsoniy
684,Lurlene,Cuberley,77Cl82kBxZa7,junior,lcuberleyiz
685,Rea,Kinvig,0Kq2UXnWAV,medior,rkinvigj0
686,Ardisj,de Wilde,K3S4aKtLOKP,senior,adewildej1
687,Pascale,Denzey,43MYQyFO,junior,pdenzeyj2
688,Page,McCullagh,7JI0LCuG,medior,pmccullaghj3
689,Vilhelmina,De Normanville,SyRc5phmEiJu,medior,vdenormanvillej4
690,Helge,Sagg,8aYyJXtzH,junior,hsaggj5
691,Tristam,Wardlow,NvxJ5q,senior,twardlowj6
692,Galina,Rockwill,JxeQV1q4PGc,junior,grockwillj7
693,Alfie,Benson,PlLz4eC,junior,abensonj8
694,Lorianna,Hardwin,a15hvt,junior,lhardwinj9
695,Humphrey,Petrillo,84ROAVct9,senior,hpetrilloja
696,Luelle,Stronghill,iUxjRewsWi7,junior,lstronghilljb
697,Amelie,Matzen,OrfhRWv,medior,amatzenjc
698,Finley,Chaster,lkpzuWQdg2t,medior,fchasterjd
699,Harry,Crolla,XgDvfU6,senior,hcrollaje
700,Kingsley,Duffield,B90RrvI2DF,medior,kduffieldjf
701,Nike,Gristwood,Qgf2jQ4BZI,senior,ngristwoodjg
702,Haley,Spoerl,IYrhw7CUe,junior,hspoerljh
703,Kally,Rignoldes,o0xcWjdNhzWv,medior,krignoldesji
704,Norean,Spellesy,bFnkR3BSVX9u,junior,nspellesyjj
705,Asia,Broy,fR6Vmom0dmw,medior,abroyjk
706,Dian,Organer,JxGdG1810nSl,medior,dorganerjl
707,Earle,Nuscha,Uqmk578k,senior,enuschajm
708,Shanon,Bulluck,bqbNYrN,senior,sbulluckjn
709,Margaux,Dallicott,09tISxkJ,junior,mdallicottjo
710,Ode,Veale,lg9Yc747XO0,senior,ovealejp
711,Bernita,Sugden,ePyKudP2Yk,medior,bsugdenjq
712,Laverna,Elders,rUU885qmzfo,senior,leldersjr
713,Elvira,Westwater,qubInE9,junior,ewestwaterjs
714,Dinah,Banaszczyk,rG4pmV,senior,dbanaszczykjt
715,Elise,Joye,VP61wsm,medior,ejoyeju
716,Rossie,O'Bradden,cbl75Ey,medior,robraddenjv
717,Willdon,Wykes,fDjJTgA,junior,wwykesjw
718,Tillie,Reams,cPOVYrLNu75,medior,treamsjx
719,Diarmid,Liebrecht,KXVY0sD,medior,dliebrechtjy
720,Saunders,Betonia,6rsHwI,junior,sbetoniajz
721,Henka,Angeau,hDmNsIgfL3GO,medior,hangeauk0
722,Elbert,Camden,zPuT7X,medior,ecamdenk1
723,Earvin,Gorhardt,sswRtAR,medior,egorhardtk2
724,Blinnie,Ovendon,fDKbrIYH,senior,bovendonk3
725,Faunie,Dechelette,yAtAhtCYo2kF,senior,fdechelettek4
726,Timothee,Suter,ziQc4WXSFD0g,senior,tsuterk5
727,Kimberli,Di Antonio,Bz54Pr9DyCA,medior,kdiantoniok6
728,Debby,Copeland,jbPYTkq,junior,dcopelandk7
729,Myra,Cortes,KMvxLyF4H0Vm,junior,mcortesk8
730,Kenyon,Caruth,mhjnHax,medior,kcaruthk9
731,Kristin,Goshawk,kCQYrU,senior,kgoshawkka
732,Nanny,Manderson,iMXGSCpDG,senior,nmandersonkb
733,Gilligan,McCrow,V2tkxTYHme,senior,gmccrowkc
734,Milo,Trueman,QRlH5qMg8K,senior,mtruemankd
735,Carol,Whartonby,6hO5FLB,junior,cwhartonbyke
736,Cora,Nutbean,4GMduggTHrK,junior,cnutbeankf
737,Wyatt,Moring,C4srQLui9b8n,medior,wmoringkg
738,Yvonne,Feenan,0321B7UQORmQ,junior,yfeenankh
739,Wayne,Doggett,72QTEEU2,junior,wdoggettki
740,Venus,O'Kynsillaghe,HCQSduTnHR,medior,vokynsillaghekj
741,Valerie,Braybrook,y7gUtn3,junior,vbraybrookkk
742,Oates,Handforth,f2fHLsl,medior,ohandforthkl
743,Mireille,Wrigley,wMAfCm,senior,mwrigleykm
744,Neila,Vegas,tSVEZpxfI3,medior,nvegaskn
745,Trude,Ducroe,WbjTFO3csI,junior,tducroeko
746,Helaine,Dunican,ZbWtefJ,medior,hdunicankp
747,Danya,Tawton,jBcuHIWnC,senior,dtawtonkq
748,Jemimah,Ternouth,KNvVZjzK,junior,jternouthkr
749,Meghann,Eddisforth,k98i2D,medior,meddisforthks
750,Steffen,Guitte,P5pK2V1Z,medior,sguittekt
751,Homer,Silberschatz,hWnBn7dpcbw,medior,hsilberschatzku
752,Syd,Riddiford,zOwabQ,junior,sriddifordkv
753,Gillian,Gethings,zADjYbDEl,junior,ggethingskw
754,Roselin,McDuffie,Tf1idrgt1,senior,rmcduffiekx
755,Morly,Siviour,1pFMjoZ9qTo,junior,msiviourky
756,Christan,Coche,YdluT5s,junior,ccochekz
757,Daisey,Chopping,4qP7Lk,medior,dchoppingl0
758,Kelsi,Bittlestone,Yb7DCcj,senior,kbittlestonel1
759,Britteny,Sawkins,afGW8FXBNSb,senior,bsawkinsl2
760,Evie,O' Molan,NMg9kXt,junior,eomolanl3
761,Merla,Puden,FsgLPkB61,junior,mpudenl4
762,Annie,Allkins,HGqp2X4,senior,aallkinsl5
763,Fernando,Gaskall,nmEK27Qsuq,junior,fgaskalll6
764,Dalton,Hyam,X7vBe69I3,senior,dhyaml7
765,Merna,Speers,35xYAA96JSH,junior,mspeersl8
766,Innis,Wrigglesworth,wWqjNrebE,medior,iwrigglesworthl9
767,Mohandis,Chooter,FYqS7o,senior,mchooterla
768,Ardath,Hillhouse,3BYWxl33,senior,ahillhouselb
769,Findley,Hucker,70VTlS8XLbA,medior,fhuckerlc
770,Phillie,Moralee,QZ1n3Bf,senior,pmoraleeld
771,Binni,Sprey,MxrG6vq5BstD,junior,bspreyle
772,Emmerich,Brunning,tp3WhRdy,junior,ebrunninglf
773,Mersey,Michelet,oP4a9DQZA50c,senior,mmicheletlg
774,Patrizius,Blance,wEQH6IzrlQCq,medior,pblancelh
775,Jacquetta,Burdge,FwxMlAhGl0mX,senior,jburdgeli
776,Ondrea,Collyear,9hft2EkaWep5,junior,ocollyearlj
777,Amii,Cottem,DALkja9,senior,acottemlk
778,Joelynn,Cosely,zN0ZLDSW,medior,jcoselyll
779,Karia,Flounders,Oe4kAWagAU,medior,kflounderslm
780,Beret,Fouracres,zSaq6Nj1b,senior,bfouracresln
781,Ashlan,Bithany,U7a77zN,senior,abithanylo
782,Esme,Dunnion,ZTpSQcu,senior,edunnionlp
783,Terence,Maxwaile,SOIiFvAp,senior,tmaxwailelq
784,Hatty,Maiklem,Arx8xJXi,junior,hmaiklemlr
785,Cecile,Baack,K1gCJqW,junior,cbaackls
786,Vin,Lynam,S0KzZ8,junior,vlynamlt
787,Rianon,Tedstone,rPavidSpo,senior,rtedstonelu
788,Nicol,Pead,GW0ingtDs,medior,npeadlv
789,Carma,O'Docherty,HUf4Ny,medior,codochertylw
790,Lonee,Sebrook,LlNmzpCJXqUk,junior,lsebrooklx
791,Cicily,Van der Merwe,Obcuc8KYlJ,medior,cvandermerwely
792,Cal,Treleven,SSUJohY,senior,ctrelevenlz
793,Antin,Cartmale,etMcPNCvf,junior,acartmalem0
794,Chris,Reidie,0Gq5n1dC,medior,creidiem1
795,Reba,Dovinson,D0Wr9zXPIKJv,senior,rdovinsonm2
796,Dela,Herity,nNk7DN1LtX,senior,dheritym3
797,Kylynn,Muzzini,LesdmUZ4,junior,kmuzzinim4
798,Ransom,Jaimez,jzGFmMMMAnlq,junior,rjaimezm5
799,Annetta,MacMenamie,sCdXhRZz,senior,amacmenamiem6
800,Maribel,Rustich,Js1UX6YCOf8m,senior,mrustichm7
801,Laney,Garrould,PBrMsXdD,senior,lgarrouldm8
802,Emilie,Haggus,uCr6uF,junior,ehaggusm9
803,Archibold,Chafney,NBLegU3fFYCl,senior,achafneyma
804,Eadmund,Frichley,Ce7AIZB,junior,efrichleymb
805,Bree,Benes,J5DikG,medior,bbenesmc
806,Burr,O'Calleran,Sd4juCTNquc2,medior,bocalleranmd
807,Mirella,Worters,CFrclBjX,medior,mwortersme
808,Alexine,Allderidge,geAtZ6p8O,junior,aallderidgemf
809,Papagena,Wasielewicz,xZG2fnRpvY,medior,pwasielewiczmg
810,Cris,Ramage,dUOofEvVNPi,junior,cramagemh
811,Rhody,Canedo,fbuI4MXx,medior,rcanedomi
812,Martin,Sneden,3IgJys,junior,msnedenmj
813,Rosemarie,Lidierth,yGPC8w,junior,rlidierthmk
814,Rena,Slaughter,qVpWMWn4Lo,medior,rslaughterml
815,Derwin,Scarr,Rq8GFl,senior,dscarrmm
816,Valene,Graves,WaDRnT,junior,vgravesmn
817,Gail,Pitford,WzC2Jol,senior,gpitfordmo
818,Shirleen,Hirsthouse,N8Hh6SZGL7,senior,shirsthousemp
819,Terrance,Greet,ZbUCZPzZ,senior,tgreetmq
820,Carmine,Scarsbrooke,L7SAXs,senior,cscarsbrookemr
821,Opalina,Bern,hjEsDYpQ9mp,medior,obernms
822,Melitta,Cattroll,3WQf9yYcNb,junior,mcattrollmt
823,Erminia,Cheesley,y1A1G6Vn,medior,echeesleymu
824,Thorndike,Shoorbrooke,JVuTPrWYUqj,medior,tshoorbrookemv
825,Ddene,Taplin,sOfbWZvzxcON,medior,dtaplinmw
826,Kit,Edden,MaaC3Lak5d5,junior,keddenmx
827,Douglas,Deftie,EllO2E,senior,ddeftiemy
828,Dari,Salmon,9iohb8L,junior,dsalmonmz
829,Fawne,Chance,EUrlrTUgJ3,senior,fchancen0
830,Enrika,Fihelly,lRCnRfz7h,senior,efihellyn1
831,Corliss,Symones,wcXJYbfFtx0,senior,csymonesn2
832,Candide,Friedlos,Ddiifqiw7l,junior,cfriedlosn3
833,Temp,Spensley,IPftHBvGM,junior,tspensleyn4
834,Montgomery,Trowle,rZGm7fS5vK,senior,mtrowlen5
835,Tanitansy,Schoales,cKNsR8EwVS,junior,tschoalesn6
836,Rorie,St. John,DLCKOp7atzC,senior,rstjohnn7
837,Brianna,Bastable,FTZlkTNuY,junior,bbastablen8
838,Kyrstin,Bollins,1YL0nkUYQ4o,junior,kbollinsn9
839,Korry,Pippin,0M1ZI0LI,senior,kpippinna
840,Caspar,Bratt,obSPoWqU,junior,cbrattnb
841,Nelie,Gilliland,yoY8iXAM,senior,ngillilandnc
842,Elvera,Tumilty,GuaLqJu33s,junior,etumiltynd
843,Ulrikaumeko,Stanyan,sm5WqXKEwf,medior,ustanyanne
844,Barbey,Skeen,68J77NqM,senior,bskeennf
845,Karlotta,Binyon,bMSIECM6vmV,medior,kbinyonng
846,Julienne,MacCallion,L2CYfKw8TNYs,junior,jmaccallionnh
847,Hunt,Scaysbrook,H3gP8J2ZsEI,junior,hscaysbrookni
848,Peder,Idiens,Ywz2JNa3,senior,pidiensnj
849,Cher,Kelcey,PCQH5gMI,medior,ckelceynk
850,Fran,Domenichini,ilF4e7H5,junior,fdomenichininl
851,Gasper,Wintle,pjegxu,medior,gwintlenm
852,Hinze,Tomkiss,GDpsFSHzVV,senior,htomkissnn
853,Candy,Gallimore,TU334x1vm,medior,cgallimoreno
854,Teri,Aloshkin,SbsRM8qoUL,senior,taloshkinnp
855,Averell,Samways,bKg7wZTXr0nO,medior,asamwaysnq
856,Angelita,Kornas,z0EcLiPZeqsO,junior,akornasnr
857,Hestia,Rawlins,J5pRaTK0,medior,hrawlinsns
858,Larissa,Hatje,NLPrpq6jrBg,medior,lhatjent
859,Graehme,Matteoni,6VPUI8Z,junior,gmatteoninu
860,Carlo,Utton,vGOfSOX,senior,cuttonnv
861,Zelma,Large,YIULqjM29Qg1,junior,zlargenw
862,Fidela,Scollan,SAeBALo,senior,fscollannx
863,Giulietta,Silk,LuXV9BgFA,junior,gsilkny
864,Shirleen,Anderl,t4GorFYDK,junior,sanderlnz
865,Vale,MacRitchie,4ST4cW36yZlo,medior,vmacritchieo0
866,Justinian,Moberley,tiXV9L8GB,junior,jmoberleyo1
867,Malvina,Belden,d2Xgyzh6,medior,mbeldeno2
868,Elladine,Shuttle,p8ExYvhd,senior,eshuttleo3
869,Bucky,Klimecki,my8jJ0wp6SG,junior,bklimeckio4
870,Minor,Jordin,dszojvu,medior,mjordino5
871,Debora,Norrie,PCqE18mD,medior,dnorrieo6
872,Nickey,Eschelle,EL2uTLptRogd,junior,neschelleo7
873,Christye,Groger,p8KQr1zEln,senior,cgrogero8
874,Gabriella,Olsen,CmJnQhzy,medior,golseno9
875,Trumaine,McKendry,QihrKK8yjd8,medior,tmckendryoa
876,Sheffy,Deerness,cKGws2EkfGY6,senior,sdeernessob
877,Tootsie,Ephson,mQag6J2j,senior,tephsonoc
878,Liam,Airth,EnOHFy,senior,lairthod
879,Frederico,Balm,hBJ0YalNL,junior,fbalmoe
880,Reba,Buer,cbPMFDqibaD,junior,rbuerof
881,Patricio,Longmaid,6mFtABb,junior,plongmaidog
882,Winifred,Kenyon,eOwMdg,junior,wkenyonoh
883,Eulalie,Brasner,A9wMVz6aKG,junior,ebrasneroi
884,Charleen,Colthard,seiM3dIv,senior,ccolthardoj
885,Sioux,MacKessock,5ogjslZbNs7b,senior,smackessockok
886,Ariana,Hanburry,NYtSGa4,senior,ahanburryol
887,Hiram,Archbould,lr9MKO4n,senior,harchbouldom
888,Tomasina,Chimes,hVGP5eAk69mc,medior,tchimeson
889,Gabriela,Schuelcke,gvFSNm,senior,gschuelckeoo
890,Sarina,Reede,f5clbr,junior,sreedeop
891,Morris,Fazan,vLRpbg4U,senior,mfazanoq
892,Tobiah,Lonnon,jvLtJKr,medior,tlonnonor
893,Ferdinande,Vasyunkin,rMmlto4L,medior,fvasyunkinos
894,Lisbeth,Mottley,vstbJr2WeA,junior,lmottleyot
895,Rip,Joannic,YrWu0KaDWjQP,medior,rjoannicou
896,Ulberto,Yersin,noI5oyDXD4K,medior,uyersinov
897,Leena,Edgeson,p8TaQoWZ,medior,ledgesonow
898,Miquela,Gainsburgh,RYb4aCbf,medior,mgainsburghox
899,Elisabetta,Zamorano,2prTs41Sqk,senior,ezamoranooy
900,Clair,Haggidon,KP6hZOMTP,medior,chaggidonoz
901,Doreen,Crier,E1GWGyb68,medior,dcrierp0
902,Adoree,Tolussi,bvSuZ0e,senior,atolussip1
903,Ruttger,Shrubshall,uhQGC0Dk,medior,rshrubshallp2
904,Norine,Conyer,n3DNh9weg27I,junior,nconyerp3
905,Sandra,Willeson,MnnbwR2aI3,junior,swillesonp4
906,Tracey,Autie,LO9mDO,medior,tautiep5
907,Turner,Mathewes,VtXUf24,senior,tmathewesp6
908,Chauncey,Bilham,B9gajutiE,junior,cbilhamp7
909,Anny,Kearley,dU3lyGByMHn,senior,akearleyp8
910,Kristoffer,Pesticcio,Ts6yQQSxzl,junior,kpesticciop9
911,Janeta,Tilby,0PwNbnkWXRS9,medior,jtilbypa
912,Floria,Cammoile,XWOzQ3,junior,fcammoilepb
913,Marice,Neno,9fgHtJ,senior,mnenopc
914,Blayne,Winsley,1WBnrwFIjn,senior,bwinsleypd
915,Annora,Courtes,u1PGIFIj,junior,acourtespe
916,Alie,Shoesmith,boPwr5orB,medior,ashoesmithpf
917,Eveline,Capps,nFmBilt,junior,ecappspg
918,Myrtie,Henbury,WKMZ0etTL,medior,mhenburyph
919,Worthington,Sotham,pQUO4Jjw,medior,wsothampi
920,Margery,Osorio,T9ij5R2hU,medior,mosoriopj
921,Edie,Armell,7WZBQhgg1,medior,earmellpk
922,Timoteo,Goose,IFnGDCw,senior,tgoosepl
923,Moe,Alven,K9E8XrpMYeN,senior,malvenpm
924,Marcy,Bacup,Z6PrDSL,senior,mbacuppn
925,Kenn,Persent,9mmYhRMpA,medior,kpersentpo
926,Janos,Hardi,bcAmzU,senior,jhardipp
927,Tracey,Yezafovich,na6mmTzF1L,senior,tyezafovichpq
928,Ambrose,Scothorn,4YDi79U,senior,ascothornpr
929,Marjie,Plumridge,VD5icz0lRL1,junior,mplumridgeps
930,Katharine,Tapin,lIB1CmnLep,senior,ktapinpt
931,Rora,Gatherell,y8Yl4d22,junior,rgatherellpu
932,Nicholas,Petts,1Me7hnx,junior,npettspv
933,Winnie,O'Kennavain,x4kk5SIJ3ryO,medior,wokennavainpw
934,Yovonnda,Crawshaw,V1EN1X,junior,ycrawshawpx
935,Vanya,Sollars,tjmUZKHIk,medior,vsollarspy
936,Gaston,McKeowon,Il6fIcDrnlRC,medior,gmckeowonpz
937,Perice,Govan,jrHk3Bumks7,senior,pgovanq0
938,Charity,Roe,m0qy8l7,senior,croeq1
939,Henryetta,Djurkovic,dtrSLOu7,medior,hdjurkovicq2
940,Antonia,Hanbridge,W7Wiq0eypvEp,junior,ahanbridgeq3
941,Tedd,McIlharga,Px7gRBN,medior,tmcilhargaq4
942,Angel,Jaskowicz,bY2nlwq9pf,medior,ajaskowiczq5
943,Clo,Boyd,kDAcI4oi1Dyk,junior,cboydq6
944,Millisent,Laidlaw,s5bfBtZN3c,medior,mlaidlawq7
945,Molly,Weatherhogg,JEsdoRV,senior,mweatherhoggq8
946,Aluino,Strain,SwTwUU,senior,astrainq9
947,Janaye,Virr,1volKBA,junior,jvirrqa
948,Puff,Cousen,MCU1HjmBTpUV,medior,pcousenqb
949,Mollie,Cominotti,dsWBCx0k,medior,mcominottiqc
950,Yank,Ninnoli,7wH2h0,senior,yninnoliqd
951,Kellby,Drohun,Tha6Sn,medior,kdrohunqe
952,Wallie,Dobby,qNx6qknCeM,senior,wdobbyqf
953,Annabelle,Acuna,bEn0fDl75rc,senior,aacunaqg
954,Tabina,Karp,wvK2YYdlfAPK,medior,tkarpqh
955,Teressa,Jaulmes,kueCp8TQHWP,senior,tjaulmesqi
956,Adham,Astlett,XchKaHvIV4kJ,medior,aastlettqj
957,Tate,Phillps,XKJPlPJv,senior,tphillpsqk
958,Austin,Mottini,juAW9H,senior,amottiniql
959,Brenna,Fever,zizLVOZpK,medior,bfeverqm
960,Griff,Stellino,TATL0eG,senior,gstellinoqn
961,Rebeka,Braga,ifXlFePZ,senior,rbragaqo
962,Garry,Winkett,W6FoHh1c9r,junior,gwinkettqp
963,Ali,Tamsett,8xnZ019,medior,atamsettqq
964,Brigida,Fidell,ENAM8zqgmvKl,senior,bfidellqr
965,Kasey,Jouaneton,dmhXaapb,medior,kjouanetonqs
966,Lotte,Hilhouse,W9VpAPO,medior,lhilhouseqt
967,Reina,Hanley,4bnuhTqD5q7Z,medior,rhanleyqu
968,Carla,Keeffe,YatDCg,senior,ckeeffeqv
969,Gavra,Farrance,bx5vOsz,medior,gfarranceqw
970,Siobhan,Emmison,voiNcJg,medior,semmisonqx
971,Trixie,McIlwrath,F1Mfzw,medior,tmcilwrathqy
972,Tammy,Duce,ZhIDLUL,medior,tduceqz
973,Dicky,Challis,lBjmAYwt,senior,dchallisr0
974,Deidre,McCarrison,VOt23GNLrhi,senior,dmccarrisonr1
975,Mady,St. Quentin,Zbmf6yMZpTVx,medior,mstquentinr2
976,Terrye,Eadmeads,ajmxpU08Ec,senior,teadmeadsr3
977,Saudra,Wiper,oinoysyBSOZU,medior,swiperr4
978,Dorene,Wivell,1qXdLZlyqDK,medior,dwivellr5
979,Laurianne,Behnen,Sccgpvc2V8JP,medior,lbehnenr6
980,Maynard,Prine,MB32Js,senior,mpriner7
981,Xaviera,Annott,LaRiElWSmNcb,medior,xannottr8
982,Son,Overell,gZoIZ9ZC,senior,soverellr9
983,Clayton,Bassil,UwJcf6FZkWi0,medior,cbassilra
984,Aurelea,Ropartz,iErOomHQFGvY,medior,aropartzrb
985,Adler,Tottie,xE778vp,junior,atottierc
986,Rebbecca,Billsberry,C1inkPN,medior,rbillsberryrd
987,Giulietta,Cohen,iDML0gsZE,senior,gcohenre
988,Gareth,Neave,d6491BG57Ov9,junior,gneaverf
989,Diana,Blann,4lr5MLox,senior,dblannrg
990,Evey,Gibbie,K5WikMnY9j,medior,egibbierh
991,Rosalind,Anthoin,F3o0d2,senior,ranthoinri
992,Calida,Gallehock,eqOQ4PSrs,junior,cgallehockrj
993,Benita,Penning,fzLOynBriTNL,senior,bpenningrk
994,Benedikt,Theakston,5LEXgda,junior,btheakstonrl
995,Horton,Galvin,FwblNIz,medior,hgalvinrm
996,Jules,Dendle,6KAxwri,medior,jdendlern
997,Holly,Carratt,XyE5i5yXo0m,senior,hcarrattro
998,Julissa,Markl,wAGyWiup,senior,jmarklrp
999,Ambur,Strete,igkyKFmED,medior,astreterq
1000,Carena,Hasnney,E18wg6oJ8,medior,chasnneyrr
